{"sections":{"image_banner":{"type":"image-banner","blocks":{"text":{"type":"text","settings":{"text":"","text_style":"caption-with-letter-spacing"}},"heading":{"type":"heading","settings":{"heading":"","heading_size":"h1"}}},"block_order":["text","heading"],"settings":{"image":"shopify:\/\/shop_images\/retail-shopping-package.jpg","image_overlay_opacity":0,"image_height":"medium","image_behavior":"none","desktop_content_position":"middle-left","desktop_content_alignment":"left","show_text_box":false,"color_scheme":"scheme-3ac351bd-9f93-46ef-8e7c-99b1938df2c5","stack_images_on_mobile":true,"mobile_content_alignment":"center","show_text_below":false}},"rich_text":{"type":"rich-text","blocks":{"text":{"type":"text","settings":{"text":"<p>Outstanding service | Exclusive pricing | Industry expertise<\/p>"}}},"block_order":["text"],"settings":{"desktop_content_position":"center","content_alignment":"center","color_scheme":"scheme-3ac351bd-9f93-46ef-8e7c-99b1938df2c5","full_width":true,"padding_top":4,"padding_bottom":4}},"multicolumn":{"type":"multicolumn","blocks":{"column1":{"type":"column","settings":{"title":"Insert partner logo","text":"","link_label":"","link":""}},"column2":{"type":"column","settings":{"title":"Insert partner logo","text":"","link_label":"","link":""}},"column3":{"type":"column","settings":{"title":"Insert partner logo","text":"","link_label":"","link":""}},"column4":{"type":"column","settings":{"title":"Insert partner logo","text":"","link_label":"","link":""}},"column5":{"type":"column","settings":{"title":"Insert partner logo","text":"","link_label":"","link":""}},"column6":{"type":"column","settings":{"title":"Insert partner logo","text":"","link_label":"","link":""}}},"block_order":["column1","column2","column3","column4","column5","column6"],"settings":{"title":"","heading_size":"h1","image_width":"full","image_ratio":"adapt","button_label":"","button_link":"","columns_desktop":6,"column_alignment":"center","background_style":"none","color_scheme":"scheme-2","columns_mobile":"2","swipe_on_mobile":true,"padding_top":12,"padding_bottom":12}},"featured_collection1":{"type":"featured-collection","settings":{"collection":"barong-tagalog","products_to_show":10,"title":"Proven bestsellers","heading_size":"h2","description":"","show_description":false,"description_style":"body","columns_desktop":5,"enable_desktop_slider":false,"full_width":false,"show_view_all":true,"view_all_style":"solid","color_scheme":"","image_ratio":"portrait","image_shape":"default","show_secondary_image":true,"show_vendor":false,"show_rating":false,"quick_add":"bulk","columns_mobile":"2","swipe_on_mobile":false,"padding_top":36,"padding_bottom":52}},"featured_collection2":{"type":"featured-collection","settings":{"collection":"","products_to_show":6,"title":"New arrivals","heading_size":"h2","description":"","show_description":false,"description_style":"body","columns_desktop":5,"enable_desktop_slider":true,"full_width":false,"show_view_all":false,"view_all_style":"solid","color_scheme":"","image_ratio":"adapt","image_shape":"default","show_secondary_image":false,"show_vendor":false,"show_rating":false,"quick_add":"bulk","columns_mobile":"2","swipe_on_mobile":false,"padding_top":36,"padding_bottom":52}},"collection_list":{"type":"collection-list","blocks":{"featured_collection1":{"type":"featured_collection","settings":{"collection":""}},"featured_collection2":{"type":"featured_collection","settings":{"collection":""}},"featured_collection3":{"type":"featured_collection","settings":{"collection":""}},"featured_collection4":{"type":"featured_collection","settings":{"collection":""}},"featured_collection5":{"type":"featured_collection","settings":{"collection":""}}},"block_order":["featured_collection1","featured_collection2","featured_collection3","featured_collection4","featured_collection5"],"settings":{"title":"Shop our top categories","heading_size":"h2","image_ratio":"square","columns_desktop":5,"color_scheme":"scheme-3ac351bd-9f93-46ef-8e7c-99b1938df2c5","show_view_all":false,"columns_mobile":"2","swipe_on_mobile":false,"padding_top":48,"padding_bottom":60}}},"order":["image_banner","rich_text","multicolumn","featured_collection1","featured_collection2","collection_list"]}