{"sections":{"main":{"type":"main-product","blocks":{"title":{"type":"title","settings":{}},"price":{"type":"price","settings":{}},"description":{"type":"description","settings":{}},"collapsible-row-1":{"type":"collapsible_tab","settings":{"heading":"Product features","icon":"shirt","content":"<ul><li>Premium Organza Fabric<\/li><li>Lightweight & breathable<\/li><li>Intricate traditional embroidery<\/li><li>Perfect for formal occasions<\/li><\/ul>","page":"product-features"}},"collapsible-row-0":{"type":"collapsible_tab","settings":{"heading":"Materials and care","icon":"leaf","content":"","page":"materials-and-care"}},"collapsible-row-2":{"type":"collapsible_tab","settings":{"heading":"Merchandising tips","icon":"check_mark","content":"","page":"merchandising-tips"}},"share":{"type":"share","settings":{"share_label":"Share"}}},"block_order":["title","price","description","collapsible-row-1","collapsible-row-0","collapsible-row-2","share"],"settings":{"enable_sticky_info":true,"color_scheme":"","media_size":"small","constrain_to_viewport":false,"media_fit":"cover","gallery_layout":"thumbnail_slider","mobile_thumbnails":"hide","media_position":"left","image_zoom":"lightbox","hide_variants":true,"enable_video_looping":false,"padding_top":36,"padding_bottom":36}},"quick_order_list_VYme9K":{"type":"quick-order-list","name":"t:sections.quick-order-list.presets.name","settings":{"variants_per_page":50,"show_image":false,"show_sku":false,"color_scheme":"","padding_top":36,"padding_bottom":36}},"related-products":{"type":"related-products","settings":{"heading":"Other industry favorites","heading_size":"h2","products_to_show":5,"columns_desktop":5,"columns_mobile":"2","color_scheme":"scheme-1","image_ratio":"adapt","image_shape":"default","show_secondary_image":false,"show_vendor":false,"show_rating":false,"padding_top":36,"padding_bottom":44}}},"order":["main","quick_order_list_VYme9K","related-products"]}